index,sequence,revcomp
1,CTCTCTAT,ATAGAGAG
2,TATCCTCT,AGAGGATA
3,GTAAGGAG,CTCCTTAC
4,ACTGCATA,TATGCAGT
5,AAGGAGTA,TACTCCTT
6,CTAAGCCT,AGGCTTAG
7,CGTCTAAT,ATTAGACG
8,TCTCTCCG,CGGAGAGA
9,TCGACTAG,CTAGTCGA
10,TTCTAGCT,AGCTAGAA
11,CCTAGAGT,ACTCTAGG
12,GCGTAAGA,TCTTACGC
13,CTATTAAG,CTTAATAG
14,AAGGCTAT,ATAGCCTT
15,GAGCCTTA,TAAGGCTC
16,TTATGCGA,TCGCATAA
17,GGAGGTAA,TTACCTCC
18,CATAACTG,CAGTTATG
19,AGTAAAGG,CCTTTACT
20,TAATCGTC,GACGATTA
21,TCCGTCTC,GAGACGGA
22,AGCTTTCT,AGAAAGCT
23,AAGAGCGT,ACGCTCTT
24,AGAATGCG,CGCATTCT
