index,sequence,reverse_complement
idx1,CTCTCTAT,ATAGAGAG
idx2,TATCCTCT,AGAGGATA
idx3,GTAAGGAG,CTCCTTAC
idx4,ACTGCATA,TATGCAGT
idx5,AAGGAGTA,TACTCCTT
idx6,CTAAGCCT,AGGCTTAG
idx7,CGTCTAAT,ATTAGACG
idx8,TCTCTCCG,CGGAGAGA
idx9,TCGACTAG,CTAGTCGA
idx10,TTCTAGCT,AGCTAGAA
idx11,CCTAGAGT,ACTCTAGG
idx12,GCGTAAGA,TCTTACGC
idx13,CTATTAAG,CTTAATAG
idx14,AAGGCTAT,ATAGCCTT
idx15,GAGCCTTA,TAAGGCTC
idx16,TTATGCGA,TCGCATAA
idx17,GGAGGTAA,TTACCTCC
idx18,CATAACTG,CAGTTATG
idx19,AGTAAAGG,CCTTTACT
idx20,TAATCGTC,GACGATTA
idx21,TCCGTCTC,GAGACGGA
idx22,AGCTTTCT,AGAAAGCT
idx23,AAGAGCGT,ACGCTCTT
idx24,AGAATGCG,CGCATTCT
